-- 信息类与地点的关联
INSERT INTO `cse`.`information_class_location` (`Cid`, `Lid`) VALUES ('1', '1');
INSERT INTO `cse`.`information_class_location` (`Cid`, `Lid`) VALUES ('2', '3');
INSERT INTO `cse`.`information_class_location` (`Cid`, `Lid`) VALUES ('3', '3');
INSERT INTO `cse`.`information_class_location` (`Cid`, `Lid`) VALUES ('4', '3');
INSERT INTO `cse`.`information_class_location` (`Cid`, `Lid`) VALUES ('5', '2');
INSERT INTO `cse`.`information_class_location` (`Cid`, `Lid`) VALUES ('6', '1');
INSERT INTO `cse`.`information_class_location` (`Cid`, `Lid`) VALUES ('7', '2');
INSERT INTO `cse`.`information_class_location` (`Cid`, `Lid`) VALUES ('8', '1');
INSERT INTO `cse`.`information_class_location` (`Cid`, `Lid`) VALUES ('9', '2');
INSERT INTO `cse`.`information_class_location` (`Cid`, `Lid`) VALUES ('10', '2');
INSERT INTO `cse`.`information_class_location` (`Cid`, `Lid`) VALUES ('11', '2');
INSERT INTO `cse`.`information_class_location` (`Cid`, `Lid`) VALUES ('12', '4');
INSERT INTO `cse`.`information_class_location` (`Cid`, `Lid`) VALUES ('13', '4');
INSERT INTO `cse`.`information_class_location` (`Cid`, `Lid`) VALUES ('14', '4');
INSERT INTO `cse`.`information_class_location` (`Cid`, `Lid`) VALUES ('15', '4');
INSERT INTO `cse`.`information_class_location` (`Cid`, `Lid`) VALUES ('16', '4');
INSERT INTO `cse`.`information_class_location` (`Cid`, `Lid`) VALUES ('17', '4');
INSERT INTO `cse`.`information_class_location` (`Cid`, `Lid`) VALUES ('18', '4');

INSERT INTO `cse`.`message_information_class` (`Mid`, `Cid`) VALUES ('1', '1');
INSERT INTO `cse`.`message_information_class` (`Mid`, `Cid`) VALUES ('2', '1');
INSERT INTO `cse`.`message_information_class` (`Mid`, `Cid`) VALUES ('3', '1');
INSERT INTO `cse`.`message_information_class` (`Mid`, `Cid`) VALUES ('4', '1');
INSERT INTO `cse`.`message_information_class` (`Mid`, `Cid`) VALUES ('5', '1');
INSERT INTO `cse`.`message_information_class` (`Mid`, `Cid`) VALUES ('6', '1');
INSERT INTO `cse`.`message_information_class` (`Mid`, `Cid`) VALUES ('7', '2');
INSERT INTO `cse`.`message_information_class` (`Mid`, `Cid`) VALUES ('8', '2');
INSERT INTO `cse`.`message_information_class` (`Mid`, `Cid`) VALUES ('9', '2');
INSERT INTO `cse`.`message_information_class` (`Mid`, `Cid`) VALUES ('10', '2');
INSERT INTO `cse`.`message_information_class` (`Mid`, `Cid`) VALUES ('11', '2');
INSERT INTO `cse`.`message_information_class` (`Mid`, `Cid`) VALUES ('12', '4');
INSERT INTO `cse`.`message_information_class` (`Mid`, `Cid`) VALUES ('13', '4');
INSERT INTO `cse`.`message_information_class` (`Mid`, `Cid`) VALUES ('14', '4');
INSERT INTO `cse`.`message_information_class` (`Mid`, `Cid`) VALUES ('15', '3');
INSERT INTO `cse`.`message_information_class` (`Mid`, `Cid`) VALUES ('16', '3');
INSERT INTO `cse`.`message_information_class` (`Mid`, `Cid`) VALUES ('17', '3');
INSERT INTO `cse`.`message_information_class` (`Mid`, `Cid`) VALUES ('18', '3');
INSERT INTO `cse`.`message_information_class` (`Mid`, `Cid`) VALUES ('19', '12');
INSERT INTO `cse`.`message_information_class` (`Mid`, `Cid`) VALUES ('20', '12');
INSERT INTO `cse`.`message_information_class` (`Mid`, `Cid`) VALUES ('21', '12');
INSERT INTO `cse`.`message_information_class` (`Mid`, `Cid`) VALUES ('22', '12');
INSERT INTO `cse`.`message_information_class` (`Mid`, `Cid`) VALUES ('23', '12');
INSERT INTO `cse`.`message_information_class` (`Mid`, `Cid`) VALUES ('28', '13');
INSERT INTO `cse`.`message_information_class` (`Mid`, `Cid`) VALUES ('29', '14');
INSERT INTO `cse`.`message_information_class` (`Mid`, `Cid`) VALUES ('30', '15');
INSERT INTO `cse`.`message_information_class` (`Mid`, `Cid`) VALUES ('31', '16');
INSERT INTO `cse`.`message_information_class` (`Mid`, `Cid`) VALUES ('32', '17');
INSERT INTO `cse`.`message_information_class` (`Mid`, `Cid`) VALUES ('33', '18');
INSERT INTO `cse`.`message_information_class` (`Mid`, `Cid`) VALUES ('34', '13');
INSERT INTO `cse`.`message_information_class` (`Mid`, `Cid`) VALUES ('35', '5');
INSERT INTO `cse`.`message_information_class` (`Mid`, `Cid`) VALUES ('36', '6');
INSERT INTO `cse`.`message_information_class` (`Mid`, `Cid`) VALUES ('37', '7');
INSERT INTO `cse`.`message_information_class` (`Mid`, `Cid`) VALUES ('38', '8');
INSERT INTO `cse`.`message_information_class` (`Mid`, `Cid`) VALUES ('39', '9');
INSERT INTO `cse`.`message_information_class` (`Mid`, `Cid`) VALUES ('40', '10');
INSERT INTO `cse`.`message_information_class` (`Mid`, `Cid`) VALUES ('41', '11');
INSERT INTO `cse`.`message_information_class` (`Mid`, `Cid`) VALUES ('19', '12');
INSERT INTO `cse`.`message_information_class` (`Mid`, `Cid`) VALUES ('20', '12');
INSERT INTO `cse`.`message_information_class` (`Mid`, `Cid`) VALUES ('21', '12');
INSERT INTO `cse`.`message_information_class` (`Mid`, `Cid`) VALUES ('22', '12');
INSERT INTO `cse`.`message_information_class` (`Mid`, `Cid`) VALUES ('23', '12');
INSERT INTO `cse`.`message_information_class` (`Mid`, `Cid`) VALUES ('28', '13');
INSERT INTO `cse`.`message_information_class` (`Mid`, `Cid`) VALUES ('29', '14');
INSERT INTO `cse`.`message_information_class` (`Mid`, `Cid`) VALUES ('30', '15');
INSERT INTO `cse`.`message_information_class` (`Mid`, `Cid`) VALUES ('31', '16');
INSERT INTO `cse`.`message_information_class` (`Mid`, `Cid`) VALUES ('32', '17');
INSERT INTO `cse`.`message_information_class` (`Mid`, `Cid`) VALUES ('33', '18');
INSERT INTO `cse`.`message_information_class` (`Mid`, `Cid`) VALUES ('34', '13');
INSERT INTO `cse`.`message_information_class` (`Mid`, `Cid`) VALUES ('35', '5');
INSERT INTO `cse`.`message_information_class` (`Mid`, `Cid`) VALUES ('36', '6');
INSERT INTO `cse`.`message_information_class` (`Mid`, `Cid`) VALUES ('37', '7');
INSERT INTO `cse`.`message_information_class` (`Mid`, `Cid`) VALUES ('38', '8');
INSERT INTO `cse`.`message_information_class` (`Mid`, `Cid`) VALUES ('39', '9');
INSERT INTO `cse`.`message_information_class` (`Mid`, `Cid`) VALUES ('40', '10');
INSERT INTO `cse`.`message_information_class` (`Mid`, `Cid`) VALUES ('41', '11');

INSERT INTO `cse`.`message_location` (`Mid`, `Lid`) VALUES ('29', '1');
INSERT INTO `cse`.`message_location` (`Mid`, `Lid`) VALUES ('30', '1');
INSERT INTO `cse`.`message_location` (`Mid`, `Lid`) VALUES ('31', '1');
INSERT INTO `cse`.`message_location` (`Mid`, `Lid`) VALUES ('32', '1');
INSERT INTO `cse`.`message_location` (`Mid`, `Lid`) VALUES ('33', '1');
INSERT INTO `cse`.`message_location` (`Mid`, `Lid`) VALUES ('34', '1');
INSERT INTO `cse`.`message_location` (`Mid`, `Lid`) VALUES ('24', '2');
INSERT INTO `cse`.`message_location` (`Mid`, `Lid`) VALUES ('25', '2');
INSERT INTO `cse`.`message_location` (`Mid`, `Lid`) VALUES ('26', '2');
INSERT INTO `cse`.`message_location` (`Mid`, `Lid`) VALUES ('27', '2');
INSERT INTO `cse`.`message_location` (`Mid`, `Lid`) VALUES ('28', '2');
INSERT INTO `cse`.`message_location` (`Mid`, `Lid`) VALUES ('19', '3');
INSERT INTO `cse`.`message_location` (`Mid`, `Lid`) VALUES ('20', '3');
INSERT INTO `cse`.`message_location` (`Mid`, `Lid`) VALUES ('21', '3');
INSERT INTO `cse`.`message_location` (`Mid`, `Lid`) VALUES ('22', '3');
INSERT INTO `cse`.`message_location` (`Mid`, `Lid`) VALUES ('23', '3');
INSERT INTO `cse`.`message_location` (`Mid`, `Lid`) VALUES ('42', '4');
INSERT INTO `cse`.`message_location` (`Mid`, `Lid`) VALUES ('43', '4');
INSERT INTO `cse`.`message_location` (`Mid`, `Lid`) VALUES ('45', '4');
INSERT INTO `cse`.`message_location` (`Mid`, `Lid`) VALUES ('46', '4');
INSERT INTO `cse`.`message_location` (`Mid`, `Lid`) VALUES ('47', '4');
INSERT INTO `cse`.`message_location` (`Mid`, `Lid`) VALUES ('48', '4');
INSERT INTO `cse`.`message_location` (`Mid`, `Lid`) VALUES ('49', '4');
INSERT INTO `cse`.`message_location` (`Mid`, `Lid`) VALUES ('50', '4');
INSERT INTO `cse`.`message_location` (`Mid`, `Lid`) VALUES ('51', '4');
INSERT INTO `cse`.`message_location` (`Mid`, `Lid`) VALUES ('52', '4');
INSERT INTO `cse`.`message_location` (`Mid`, `Lid`) VALUES ('53', '4');
INSERT INTO `cse`.`message_location` (`Mid`, `Lid`) VALUES ('54', '4');
INSERT INTO `cse`.`message_location` (`Mid`, `Lid`) VALUES ('55', '4');
INSERT INTO `cse`.`message_location` (`Mid`, `Lid`) VALUES ('56', '4');
INSERT INTO `cse`.`message_location` (`Mid`, `Lid`) VALUES ('57', '4');
INSERT INTO `cse`.`message_location` (`Mid`, `Lid`) VALUES ('58', '4');
INSERT INTO `cse`.`message_location` (`Mid`, `Lid`) VALUES ('59', '4');
INSERT INTO `cse`.`message_location` (`Mid`, `Lid`) VALUES ('60', '4');
INSERT INTO `cse`.`message_location` (`Mid`, `Lid`) VALUES ('61', '4');
INSERT INTO `cse`.`message_location` (`Mid`, `Lid`) VALUES ('62', '4');
INSERT INTO `cse`.`message_location` (`Mid`, `Lid`) VALUES ('64', '4');
INSERT INTO `cse`.`message_location` (`Mid`, `Lid`) VALUES ('65', '4');