
INSERT INTO `cse`.`message_location` (`Mid`, `Lid`) VALUES ('1', '4');
INSERT INTO `cse`.`message_location` (`Mid`, `Lid`) VALUES ('2', '4');
INSERT INTO `cse`.`message_location` (`Mid`, `Lid`) VALUES ('3', '4');
INSERT INTO `cse`.`message_location` (`Mid`, `Lid`) VALUES ('4', '4');
INSERT INTO `cse`.`message_location` (`Mid`, `Lid`) VALUES ('5', '4');
INSERT INTO `cse`.`message_location` (`Mid`, `Lid`) VALUES ('6', '4');
INSERT INTO `cse`.`message_location` (`Mid`, `Lid`) VALUES ('7', '4');
INSERT INTO `cse`.`message_location` (`Mid`, `Lid`) VALUES ('8', '4');
INSERT INTO `cse`.`message_location` (`Mid`, `Lid`) VALUES ('9', '4');
INSERT INTO `cse`.`message_location` (`Mid`, `Lid`) VALUES ('10', '4');
INSERT INTO `cse`.`message_location` (`Mid`, `Lid`) VALUES ('11', '4');
INSERT INTO `cse`.`message_location` (`Mid`, `Lid`) VALUES ('12', '4');
INSERT INTO `cse`.`message_location` (`Mid`, `Lid`) VALUES ('13', '4');
INSERT INTO `cse`.`message_location` (`Mid`, `Lid`) VALUES ('14', '4');
INSERT INTO `cse`.`message_location` (`Mid`, `Lid`) VALUES ('15', '4');
INSERT INTO `cse`.`message_location` (`Mid`, `Lid`) VALUES ('16', '4');
INSERT INTO `cse`.`message_location` (`Mid`, `Lid`) VALUES ('17', '4');
INSERT INTO `cse`.`message_location` (`Mid`, `Lid`) VALUES ('18', '4');
INSERT INTO `cse`.`message_location` (`Mid`, `Lid`) VALUES ('19', '4');
INSERT INTO `cse`.`message_location` (`Mid`, `Lid`) VALUES ('20', '4');
INSERT INTO `cse`.`message_location` (`Mid`, `Lid`) VALUES ('21', '4');
INSERT INTO `cse`.`message_location` (`Mid`, `Lid`) VALUES ('22', '4');
INSERT INTO `cse`.`message_location` (`Mid`, `Lid`) VALUES ('23', '4');
INSERT INTO `cse`.`message_location` (`Mid`, `Lid`) VALUES ('24', '4');
INSERT INTO `cse`.`message_location` (`Mid`, `Lid`) VALUES ('25', '4');
INSERT INTO `cse`.`message_location` (`Mid`, `Lid`) VALUES ('26', '4');
INSERT INTO `cse`.`message_location` (`Mid`, `Lid`) VALUES ('27', '4');
INSERT INTO `cse`.`message_location` (`Mid`, `Lid`) VALUES ('28', '4');
INSERT INTO `cse`.`message_location` (`Mid`, `Lid`) VALUES ('29', '1');
INSERT INTO `cse`.`message_location` (`Mid`, `Lid`) VALUES ('30', '1');
INSERT INTO `cse`.`message_location` (`Mid`, `Lid`) VALUES ('31', '1');
INSERT INTO `cse`.`message_location` (`Mid`, `Lid`) VALUES ('32', '1');
INSERT INTO `cse`.`message_location` (`Mid`, `Lid`) VALUES ('33', '1');
INSERT INTO `cse`.`message_location` (`Mid`, `Lid`) VALUES ('34', '1');
INSERT INTO `cse`.`message_location` (`Mid`, `Lid`) VALUES ('24', '2');
INSERT INTO `cse`.`message_location` (`Mid`, `Lid`) VALUES ('25', '2');
INSERT INTO `cse`.`message_location` (`Mid`, `Lid`) VALUES ('26', '2');
INSERT INTO `cse`.`message_location` (`Mid`, `Lid`) VALUES ('27', '2');
INSERT INTO `cse`.`message_location` (`Mid`, `Lid`) VALUES ('28', '2');
INSERT INTO `cse`.`message_location` (`Mid`, `Lid`) VALUES ('19', '3');
INSERT INTO `cse`.`message_location` (`Mid`, `Lid`) VALUES ('20', '3');
INSERT INTO `cse`.`message_location` (`Mid`, `Lid`) VALUES ('21', '3');
INSERT INTO `cse`.`message_location` (`Mid`, `Lid`) VALUES ('22', '3');
INSERT INTO `cse`.`message_location` (`Mid`, `Lid`) VALUES ('23', '3');
INSERT INTO `cse`.`message_location` (`Mid`, `Lid`) VALUES ('42', '4');
INSERT INTO `cse`.`message_location` (`Mid`, `Lid`) VALUES ('43', '4');
INSERT INTO `cse`.`message_location` (`Mid`, `Lid`) VALUES ('45', '4');
INSERT INTO `cse`.`message_location` (`Mid`, `Lid`) VALUES ('46', '4');
INSERT INTO `cse`.`message_location` (`Mid`, `Lid`) VALUES ('47', '4');
INSERT INTO `cse`.`message_location` (`Mid`, `Lid`) VALUES ('48', '4');
INSERT INTO `cse`.`message_location` (`Mid`, `Lid`) VALUES ('49', '4');
INSERT INTO `cse`.`message_location` (`Mid`, `Lid`) VALUES ('50', '4');
INSERT INTO `cse`.`message_location` (`Mid`, `Lid`) VALUES ('51', '4');
INSERT INTO `cse`.`message_location` (`Mid`, `Lid`) VALUES ('52', '4');
INSERT INTO `cse`.`message_location` (`Mid`, `Lid`) VALUES ('53', '4');
INSERT INTO `cse`.`message_location` (`Mid`, `Lid`) VALUES ('54', '4');
INSERT INTO `cse`.`message_location` (`Mid`, `Lid`) VALUES ('55', '4');
INSERT INTO `cse`.`message_location` (`Mid`, `Lid`) VALUES ('56', '4');
INSERT INTO `cse`.`message_location` (`Mid`, `Lid`) VALUES ('57', '4');
INSERT INTO `cse`.`message_location` (`Mid`, `Lid`) VALUES ('58', '4');
INSERT INTO `cse`.`message_location` (`Mid`, `Lid`) VALUES ('59', '4');
INSERT INTO `cse`.`message_location` (`Mid`, `Lid`) VALUES ('60', '4');
INSERT INTO `cse`.`message_location` (`Mid`, `Lid`) VALUES ('61', '4');
INSERT INTO `cse`.`message_location` (`Mid`, `Lid`) VALUES ('62', '4');
INSERT INTO `cse`.`message_location` (`Mid`, `Lid`) VALUES ('64', '4');
INSERT INTO `cse`.`message_location` (`Mid`, `Lid`) VALUES ('65', '4');

INSERT INTO `cse`.`message_information_class` (`Mid`, `Cid`) VALUES ('1', '1');
INSERT INTO `cse`.`message_information_class` (`Mid`, `Cid`) VALUES ('2', '1');
INSERT INTO `cse`.`message_information_class` (`Mid`, `Cid`) VALUES ('3', '1');
INSERT INTO `cse`.`message_information_class` (`Mid`, `Cid`) VALUES ('4', '1');
INSERT INTO `cse`.`message_information_class` (`Mid`, `Cid`) VALUES ('5', '1');
INSERT INTO `cse`.`message_information_class` (`Mid`, `Cid`) VALUES ('6', '1');
INSERT INTO `cse`.`message_information_class` (`Mid`, `Cid`) VALUES ('7', '2');
INSERT INTO `cse`.`message_information_class` (`Mid`, `Cid`) VALUES ('8', '2');
INSERT INTO `cse`.`message_information_class` (`Mid`, `Cid`) VALUES ('9', '2');
INSERT INTO `cse`.`message_information_class` (`Mid`, `Cid`) VALUES ('10', '2');
INSERT INTO `cse`.`message_information_class` (`Mid`, `Cid`) VALUES ('11', '2');
INSERT INTO `cse`.`message_information_class` (`Mid`, `Cid`) VALUES ('12', '4');
INSERT INTO `cse`.`message_information_class` (`Mid`, `Cid`) VALUES ('13', '4');
INSERT INTO `cse`.`message_information_class` (`Mid`, `Cid`) VALUES ('14', '4');
INSERT INTO `cse`.`message_information_class` (`Mid`, `Cid`) VALUES ('15', '3');
INSERT INTO `cse`.`message_information_class` (`Mid`, `Cid`) VALUES ('16', '3');
INSERT INTO `cse`.`message_information_class` (`Mid`, `Cid`) VALUES ('17', '3');
INSERT INTO `cse`.`message_information_class` (`Mid`, `Cid`) VALUES ('18', '3');
INSERT INTO `cse`.`message_information_class` (`Mid`, `Cid`) VALUES ('19', '12');
INSERT INTO `cse`.`message_information_class` (`Mid`, `Cid`) VALUES ('20', '12');
INSERT INTO `cse`.`message_information_class` (`Mid`, `Cid`) VALUES ('21', '12');
INSERT INTO `cse`.`message_information_class` (`Mid`, `Cid`) VALUES ('22', '12');
INSERT INTO `cse`.`message_information_class` (`Mid`, `Cid`) VALUES ('23', '12');
INSERT INTO `cse`.`message_information_class` (`Mid`, `Cid`) VALUES ('28', '13');
INSERT INTO `cse`.`message_information_class` (`Mid`, `Cid`) VALUES ('29', '14');
INSERT INTO `cse`.`message_information_class` (`Mid`, `Cid`) VALUES ('30', '15');
INSERT INTO `cse`.`message_information_class` (`Mid`, `Cid`) VALUES ('31', '16');
INSERT INTO `cse`.`message_information_class` (`Mid`, `Cid`) VALUES ('32', '17');
INSERT INTO `cse`.`message_information_class` (`Mid`, `Cid`) VALUES ('33', '18');
INSERT INTO `cse`.`message_information_class` (`Mid`, `Cid`) VALUES ('34', '13');
INSERT INTO `cse`.`message_information_class` (`Mid`, `Cid`) VALUES ('35', '5');
INSERT INTO `cse`.`message_information_class` (`Mid`, `Cid`) VALUES ('36', '6');
INSERT INTO `cse`.`message_information_class` (`Mid`, `Cid`) VALUES ('37', '7');
INSERT INTO `cse`.`message_information_class` (`Mid`, `Cid`) VALUES ('38', '8');
INSERT INTO `cse`.`message_information_class` (`Mid`, `Cid`) VALUES ('39', '9');
INSERT INTO `cse`.`message_information_class` (`Mid`, `Cid`) VALUES ('40', '10');
INSERT INTO `cse`.`message_information_class` (`Mid`, `Cid`) VALUES ('41', '11');
INSERT INTO `cse`.`message_information_class` (`Mid`, `Cid`) VALUES ('19', '12');
INSERT INTO `cse`.`message_information_class` (`Mid`, `Cid`) VALUES ('20', '12');
INSERT INTO `cse`.`message_information_class` (`Mid`, `Cid`) VALUES ('21', '12');
INSERT INTO `cse`.`message_information_class` (`Mid`, `Cid`) VALUES ('22', '12');
INSERT INTO `cse`.`message_information_class` (`Mid`, `Cid`) VALUES ('23', '12');
INSERT INTO `cse`.`message_information_class` (`Mid`, `Cid`) VALUES ('28', '13');
INSERT INTO `cse`.`message_information_class` (`Mid`, `Cid`) VALUES ('29', '14');
INSERT INTO `cse`.`message_information_class` (`Mid`, `Cid`) VALUES ('30', '15');
INSERT INTO `cse`.`message_information_class` (`Mid`, `Cid`) VALUES ('31', '16');
INSERT INTO `cse`.`message_information_class` (`Mid`, `Cid`) VALUES ('32', '17');
INSERT INTO `cse`.`message_information_class` (`Mid`, `Cid`) VALUES ('33', '18');
INSERT INTO `cse`.`message_information_class` (`Mid`, `Cid`) VALUES ('34', '13');
INSERT INTO `cse`.`message_information_class` (`Mid`, `Cid`) VALUES ('35', '5');
INSERT INTO `cse`.`message_information_class` (`Mid`, `Cid`) VALUES ('36', '6');
INSERT INTO `cse`.`message_information_class` (`Mid`, `Cid`) VALUES ('37', '7');
INSERT INTO `cse`.`message_information_class` (`Mid`, `Cid`) VALUES ('38', '8');
INSERT INTO `cse`.`message_information_class` (`Mid`, `Cid`) VALUES ('39', '9');
INSERT INTO `cse`.`message_information_class` (`Mid`, `Cid`) VALUES ('40', '10');
INSERT INTO `cse`.`message_information_class` (`Mid`, `Cid`) VALUES ('41', '11');
INSERT INTO `cse`.`message_information_class` (`Mid`, `Cid`) VALUES ('34', '9');
INSERT INTO `cse`.`message_information_class` (`Mid`, `Cid`) VALUES ('42', '21');
INSERT INTO `cse`.`message_information_class` (`Mid`, `Cid`) VALUES ('43', '13');
INSERT INTO `cse`.`message_information_class` (`Mid`, `Cid`) VALUES ('47', '21');
INSERT INTO `cse`.`message_information_class` (`Mid`, `Cid`) VALUES ('48', '20');
INSERT INTO `cse`.`message_information_class` (`Mid`, `Cid`) VALUES ('49', '16');
INSERT INTO `cse`.`message_information_class` (`Mid`, `Cid`) VALUES ('50', '16');
INSERT INTO `cse`.`message_information_class` (`Mid`, `Cid`) VALUES ('51', '16');
INSERT INTO `cse`.`message_information_class` (`Mid`, `Cid`) VALUES ('52', '16');
INSERT INTO `cse`.`message_information_class` (`Mid`, `Cid`) VALUES ('53', '16');
INSERT INTO `cse`.`message_information_class` (`Mid`, `Cid`) VALUES ('56', '17');
INSERT INTO `cse`.`message_information_class` (`Mid`, `Cid`) VALUES ('57', '17');
INSERT INTO `cse`.`message_information_class` (`Mid`, `Cid`) VALUES ('58', '17');
INSERT INTO `cse`.`message_information_class` (`Mid`, `Cid`) VALUES ('62', '14');
INSERT INTO `cse`.`message_information_class` (`Mid`, `Cid`) VALUES ('65', '12');
INSERT INTO `cse`.`message_information_class` (`Mid`, `Cid`) VALUES ('64', '12');


INSERT INTO cse.information_class_key (`Cid`,`Kid`) VALUES (1,1);
INSERT INTO cse.information_class_key (`Cid`,`Kid`) VALUES (2,1);
INSERT INTO cse.information_class_key (`Cid`,`Kid`) VALUES (3,1);
INSERT INTO cse.information_class_key (`Cid`,`Kid`) VALUES (1,5);
INSERT INTO cse.information_class_key (`Cid`,`Kid`) VALUES (2,8);
INSERT INTO cse.information_class_key (`Cid`,`Kid`) VALUES (3,8);
INSERT INTO cse.information_class_key (`Cid`,`Kid`) VALUES (1,12);
INSERT INTO cse.information_class_key (`Cid`,`Kid`) VALUES (22,12);
INSERT INTO cse.information_class_key (`Cid`,`Kid`) VALUES (23,12);
INSERT INTO cse.information_class_key (`Cid`,`Kid`) VALUES (2,13);
INSERT INTO cse.information_class_key (`Cid`,`Kid`) VALUES (3,13);
INSERT INTO cse.information_class_key (`Cid`,`Kid`) VALUES (4,13);
INSERT INTO cse.information_class_key (`Cid`,`Kid`) VALUES (7,13);
INSERT INTO cse.information_class_key (`Cid`,`Kid`) VALUES (10,13);
INSERT INTO cse.information_class_key (`Cid`,`Kid`) VALUES (6,14);
INSERT INTO cse.information_class_key (`Cid`,`Kid`) VALUES (8,14);
INSERT INTO cse.information_class_key (`Cid`,`Kid`) VALUES (11,14);
INSERT INTO cse.information_class_key (`Cid`,`Kid`) VALUES (24,14);
INSERT INTO cse.information_class_key (`Cid`,`Kid`) VALUES (5,15);
INSERT INTO cse.information_class_key (`Cid`,`Kid`) VALUES (1,16);
INSERT INTO cse.information_class_key (`Cid`,`Kid`) VALUES (4,16);
INSERT INTO cse.information_class_key (`Cid`,`Kid`) VALUES (1,18);
INSERT INTO cse.information_class_key (`Cid`,`Kid`) VALUES (4,18);
INSERT INTO cse.information_class_key (`Cid`,`Kid`) VALUES (19,19);
INSERT INTO cse.information_class_key (`Cid`,`Kid`) VALUES (20,19);
INSERT INTO cse.information_class_key (`Cid`,`Kid`) VALUES (21,19);
INSERT INTO cse.information_class_key (`Cid`,`Kid`) VALUES (19,20);
INSERT INTO cse.information_class_key (`Cid`,`Kid`) VALUES (24,20);
INSERT INTO cse.information_class_key (`Cid`,`Kid`) VALUES (19,21);
INSERT INTO cse.information_class_key (`Cid`,`Kid`) VALUES (22,21);
INSERT INTO cse.information_class_key (`Cid`,`Kid`) VALUES (23,21);
INSERT INTO cse.information_class_key (`Cid`,`Kid`) VALUES (1,22);
INSERT INTO cse.information_class_key (`Cid`,`Kid`) VALUES (5,22);
INSERT INTO cse.information_class_key (`Cid`,`Kid`) VALUES (6,22);
INSERT INTO cse.information_class_key (`Cid`,`Kid`) VALUES (7,22);
INSERT INTO cse.information_class_key (`Cid`,`Kid`) VALUES (8,22);
INSERT INTO cse.information_class_key (`Cid`,`Kid`) VALUES (10,22);
INSERT INTO cse.information_class_key (`Cid`,`Kid`) VALUES (17,22);
INSERT INTO cse.information_class_key (`Cid`,`Kid`) VALUES (19,22);
INSERT INTO cse.information_class_key (`Cid`,`Kid`) VALUES (20,22);
INSERT INTO cse.information_class_key (`Cid`,`Kid`) VALUES (1,23);
INSERT INTO cse.information_class_key (`Cid`,`Kid`) VALUES (2,23);
INSERT INTO cse.information_class_key (`Cid`,`Kid`) VALUES (3,23);
INSERT INTO cse.information_class_key (`Cid`,`Kid`) VALUES (4,23);
INSERT INTO cse.information_class_key (`Cid`,`Kid`) VALUES (5,23);
INSERT INTO cse.information_class_key (`Cid`,`Kid`) VALUES (6,23);
INSERT INTO cse.information_class_key (`Cid`,`Kid`) VALUES (7,23);
INSERT INTO cse.information_class_key (`Cid`,`Kid`) VALUES (8,23);
INSERT INTO cse.information_class_key (`Cid`,`Kid`) VALUES (9,23);
INSERT INTO cse.information_class_key (`Cid`,`Kid`) VALUES (10,23);
INSERT INTO cse.information_class_key (`Cid`,`Kid`) VALUES (17,23);
INSERT INTO cse.information_class_key (`Cid`,`Kid`) VALUES (18,23);
INSERT INTO cse.information_class_key (`Cid`,`Kid`) VALUES (19,23);
INSERT INTO cse.information_class_key (`Cid`,`Kid`) VALUES (20,23);
INSERT INTO cse.information_class_key (`Cid`,`Kid`) VALUES (9,24);
INSERT INTO cse.information_class_key (`Cid`,`Kid`) VALUES (14,24);
INSERT INTO cse.information_class_key (`Cid`,`Kid`) VALUES (15,24);
INSERT INTO cse.information_class_key (`Cid`,`Kid`) VALUES (16,24);
INSERT INTO cse.information_class_key (`Cid`,`Kid`) VALUES (17,24);
INSERT INTO cse.information_class_key (`Cid`,`Kid`) VALUES (18,24);
INSERT INTO cse.information_class_key (`Cid`,`Kid`) VALUES (20,24);
INSERT INTO cse.information_class_key (`Cid`,`Kid`) VALUES (2,25);
INSERT INTO cse.information_class_key (`Cid`,`Kid`) VALUES (14,25);
INSERT INTO cse.information_class_key (`Cid`,`Kid`) VALUES (15,25);
INSERT INTO cse.information_class_key (`Cid`,`Kid`) VALUES (16,25);
INSERT INTO cse.information_class_key (`Cid`,`Kid`) VALUES (21,25);
INSERT INTO cse.information_class_key (`Cid`,`Kid`) VALUES (2,27);
INSERT INTO cse.information_class_key (`Cid`,`Kid`) VALUES (5,27);
INSERT INTO cse.information_class_key (`Cid`,`Kid`) VALUES (6,27);
INSERT INTO cse.information_class_key (`Cid`,`Kid`) VALUES (7,27);
INSERT INTO cse.information_class_key (`Cid`,`Kid`) VALUES (8,27);
INSERT INTO cse.information_class_key (`Cid`,`Kid`) VALUES (10,27);
INSERT INTO cse.information_class_key (`Cid`,`Kid`) VALUES (11,27);
INSERT INTO cse.information_class_key (`Cid`,`Kid`) VALUES (4,28);
INSERT INTO cse.information_class_key (`Cid`,`Kid`) VALUES (1,29);
INSERT INTO cse.information_class_key (`Cid`,`Kid`) VALUES (2,29);
INSERT INTO cse.information_class_key (`Cid`,`Kid`) VALUES (3,30);
INSERT INTO cse.information_class_key (`Cid`,`Kid`) VALUES (5,31);
INSERT INTO cse.information_class_key (`Cid`,`Kid`) VALUES (6,31);
INSERT INTO cse.information_class_key (`Cid`,`Kid`) VALUES (7,31);
INSERT INTO cse.information_class_key (`Cid`,`Kid`) VALUES (8,31);
INSERT INTO cse.information_class_key (`Cid`,`Kid`) VALUES (10,31);
INSERT INTO cse.information_class_key (`Cid`,`Kid`) VALUES (11,31);
INSERT INTO cse.information_class_key (`Cid`,`Kid`) VALUES (1,32);
INSERT INTO cse.information_class_key (`Cid`,`Kid`) VALUES (2,32);
INSERT INTO cse.information_class_key (`Cid`,`Kid`) VALUES (3,32);
INSERT INTO cse.information_class_key (`Cid`,`Kid`) VALUES (4,32);
INSERT INTO cse.information_class_key (`Cid`,`Kid`) VALUES (9,32);
INSERT INTO cse.information_class_key (`Cid`,`Kid`) VALUES (12,32);
INSERT INTO cse.information_class_key (`Cid`,`Kid`) VALUES (13,32);
INSERT INTO cse.information_class_key (`Cid`,`Kid`) VALUES (14,32);
INSERT INTO cse.information_class_key (`Cid`,`Kid`) VALUES (15,32);
INSERT INTO cse.information_class_key (`Cid`,`Kid`) VALUES (16,32);
INSERT INTO cse.information_class_key (`Cid`,`Kid`) VALUES (17,32);
INSERT INTO cse.information_class_key (`Cid`,`Kid`) VALUES (18,32);
INSERT INTO cse.information_class_key (`Cid`,`Kid`) VALUES (19,32);
INSERT INTO cse.information_class_key (`Cid`,`Kid`) VALUES (20,32);
INSERT INTO cse.information_class_key (`Cid`,`Kid`) VALUES (21,32);
INSERT INTO cse.information_class_key (`Cid`,`Kid`) VALUES (22,32);
INSERT INTO cse.information_class_key (`Cid`,`Kid`) VALUES (24,32);
INSERT INTO cse.information_class_key (`Cid`,`Kid`) VALUES (5,33);
INSERT INTO cse.information_class_key (`Cid`,`Kid`) VALUES (6,33);
INSERT INTO cse.information_class_key (`Cid`,`Kid`) VALUES (7,33);
INSERT INTO cse.information_class_key (`Cid`,`Kid`) VALUES (8,33);
INSERT INTO cse.information_class_key (`Cid`,`Kid`) VALUES (10,33);
INSERT INTO cse.information_class_key (`Cid`,`Kid`) VALUES (11,33);
INSERT INTO cse.information_class_key (`Cid`,`Kid`) VALUES (12,33);
INSERT INTO cse.information_class_key (`Cid`,`Kid`) VALUES (13,33);
INSERT INTO cse.information_class_key (`Cid`,`Kid`) VALUES (14,33);
INSERT INTO cse.information_class_key (`Cid`,`Kid`) VALUES (15,33);
INSERT INTO cse.information_class_key (`Cid`,`Kid`) VALUES (16,33);
INSERT INTO cse.information_class_key (`Cid`,`Kid`) VALUES (17,33);
INSERT INTO cse.information_class_key (`Cid`,`Kid`) VALUES (18,33);
INSERT INTO cse.information_class_key (`Cid`,`Kid`) VALUES (23,33);
INSERT INTO cse.information_class_key (`Cid`,`Kid`) VALUES (12,34);
INSERT INTO cse.information_class_key (`Cid`,`Kid`) VALUES (13,34);
INSERT INTO cse.information_class_key (`Cid`,`Kid`) VALUES (14,34);
INSERT INTO cse.information_class_key (`Cid`,`Kid`) VALUES (15,34);
INSERT INTO cse.information_class_key (`Cid`,`Kid`) VALUES (16,34);
INSERT INTO cse.information_class_key (`Cid`,`Kid`) VALUES (17,34);
INSERT INTO cse.information_class_key (`Cid`,`Kid`) VALUES (18,34);

INSERT INTO `cse`.`information_class_location` (`Cid`, `Lid`) VALUES ('1', '1');
INSERT INTO `cse`.`information_class_location` (`Cid`, `Lid`) VALUES ('2', '3');
INSERT INTO `cse`.`information_class_location` (`Cid`, `Lid`) VALUES ('3', '3');
INSERT INTO `cse`.`information_class_location` (`Cid`, `Lid`) VALUES ('4', '3');
INSERT INTO `cse`.`information_class_location` (`Cid`, `Lid`) VALUES ('5', '2');
INSERT INTO `cse`.`information_class_location` (`Cid`, `Lid`) VALUES ('6', '1');
INSERT INTO `cse`.`information_class_location` (`Cid`, `Lid`) VALUES ('7', '2');
INSERT INTO `cse`.`information_class_location` (`Cid`, `Lid`) VALUES ('8', '1');
INSERT INTO `cse`.`information_class_location` (`Cid`, `Lid`) VALUES ('9', '2');
INSERT INTO `cse`.`information_class_location` (`Cid`, `Lid`) VALUES ('10', '2');
INSERT INTO `cse`.`information_class_location` (`Cid`, `Lid`) VALUES ('11', '2');
INSERT INTO `cse`.`information_class_location` (`Cid`, `Lid`) VALUES ('12', '4');
INSERT INTO `cse`.`information_class_location` (`Cid`, `Lid`) VALUES ('13', '4');
INSERT INTO `cse`.`information_class_location` (`Cid`, `Lid`) VALUES ('14', '4');
INSERT INTO `cse`.`information_class_location` (`Cid`, `Lid`) VALUES ('15', '4');
INSERT INTO `cse`.`information_class_location` (`Cid`, `Lid`) VALUES ('16', '4');
INSERT INTO `cse`.`information_class_location` (`Cid`, `Lid`) VALUES ('17', '4');
INSERT INTO `cse`.`information_class_location` (`Cid`, `Lid`) VALUES ('18', '4');


INSERT INTO cse.basic_model (Bid, id, type, score) VALUES (1, 16, 'keyword', 2);
INSERT INTO cse.basic_model (Bid, id, type, score) VALUES (2, 18, 'keyword', 2);
INSERT INTO cse.basic_model (Bid, id, type, score) VALUES (3, 22, 'keyword', 2);
INSERT INTO cse.basic_model (Bid, id, type, score) VALUES (4, 23, 'keyword', 2);
INSERT INTO cse.basic_model (Bid, id, type, score) VALUES (5, 24, 'keyword', 2);
INSERT INTO cse.basic_model (Bid, id, type, score) VALUES (6, 34, 'keyword', 2);

INSERT INTO cse.year_basic_model (Year, Bid) VALUES (1, '3');
INSERT INTO cse.year_basic_model (Year, Bid) VALUES (2, '4');
INSERT INTO cse.year_basic_model (Year, Bid) VALUES (3, '4');
INSERT INTO cse.year_basic_model (Year, Bid) VALUES (3, '6');
INSERT INTO cse.year_basic_model (Year, Bid) VALUES (4, '5');
INSERT INTO cse.year_basic_model (Year, Bid) VALUES (4, '6');

INSERT INTO cse.profession_basic_model (Pid, Bid) VALUES (1, 1);
INSERT INTO cse.profession_basic_model (Pid, Bid) VALUES (2, 2);

